{
  "repo": "scikit-learn/scikit-learn",
  "n_prs": 3000,
  "n_months": 22,
  "window": [
    "2024-09",
    "2026-06"
  ],
  "depth_cv": 0.29546301611362313,
  "load_vs_depth_pearson_r": 0.12812884180919473,
  "load_vs_depth_p": 0.5698665891084846,
  "sedi_fixed_specificity": {
    "min": 0.01595477945161761,
    "max": 1.0,
    "mean": 0.1285335356127679,
    "median": 0.07263609236385996,
    "frac_below_0.5": 0.9545454545454546
  },
  "sedi_rolling_specificity": {
    "min": 0.15404805077904182,
    "max": 1.0,
    "mean": 0.7077448042012686,
    "median": 0.8339637484173379,
    "frac_below_0.5": 0.2727272727272727
  },
  "months": [
    "2024-09",
    "2024-10",
    "2024-11",
    "2024-12",
    "2025-01",
    "2025-02",
    "2025-03",
    "2025-04",
    "2025-05",
    "2025-06",
    "2025-07",
    "2025-08",
    "2025-09",
    "2025-10",
    "2025-11",
    "2025-12",
    "2026-01",
    "2026-02",
    "2026-03",
    "2026-04",
    "2026-05",
    "2026-06"
  ],
  "pgfplots": {
    "depth_series": "(0,1.000) (1,1.152) (2,0.788) (3,1.396) (4,0.535) (5,1.209) (6,0.863) (7,0.747) (8,0.947) (9,1.130) (10,1.156) (11,1.127) (12,1.308) (13,0.699) (14,1.866) (15,0.869) (16,1.117) (17,1.417) (18,1.057) (19,0.891) (20,0.735) (21,0.569)",
    "sedi_fixed_series": "(0,1.000) (1,0.154) (2,0.093) (3,0.068) (4,0.091) (5,0.115) (6,0.146) (7,0.074) (8,0.140) (9,0.132) (10,0.061) (11,0.172) (12,0.052) (13,0.016) (14,0.072) (15,0.136) (16,0.058) (17,0.040) (18,0.061) (19,0.069) (20,0.038) (21,0.039)",
    "sedi_rolling_series": "(0,1.000) (1,0.154) (2,0.190) (3,0.373) (4,0.962) (5,1.000) (6,0.944) (7,0.706) (8,0.995) (9,0.860) (10,0.432) (11,1.000) (12,0.318) (13,0.236) (14,0.978) (15,0.986) (16,0.807) (17,0.525) (18,0.967) (19,1.000) (20,0.586) (21,0.550)"
  },
  "series": [
    {
      "month": "2024-09",
      "n_prs": 85,
      "submit": 85,
      "med_latency_h": 232.98666666666668,
      "abandon": 0.23529411764705882,
      "depth_proxy": 6.984615384615385
    },
    {
      "month": "2024-10",
      "n_prs": 131,
      "submit": 131,
      "med_latency_h": 55.31458333333333,
      "abandon": 0.22137404580152673,
      "depth_proxy": 8.049019607843137
    },
    {
      "month": "2024-11",
      "n_prs": 110,
      "submit": 110,
      "med_latency_h": 28.70722222222222,
      "abandon": 0.2636363636363636,
      "depth_proxy": 5.506172839506172
    },
    {
      "month": "2024-12",
      "n_prs": 115,
      "submit": 115,
      "med_latency_h": 21.56138888888889,
      "abandon": 0.19130434782608696,
      "depth_proxy": 9.75268817204301
    },
    {
      "month": "2025-01",
      "n_prs": 126,
      "submit": 126,
      "med_latency_h": 32.29055555555556,
      "abandon": 0.2698412698412698,
      "depth_proxy": 3.739130434782609
    },
    {
      "month": "2025-02",
      "n_prs": 114,
      "submit": 114,
      "med_latency_h": 35.98041666666667,
      "abandon": 0.17543859649122806,
      "depth_proxy": 8.446808510638299
    },
    {
      "month": "2025-03",
      "n_prs": 141,
      "submit": 141,
      "med_latency_h": 57.70055555555555,
      "abandon": 0.2624113475177305,
      "depth_proxy": 6.028846153846154
    },
    {
      "month": "2025-04",
      "n_prs": 116,
      "submit": 116,
      "med_latency_h": 23.386388888888888,
      "abandon": 0.21551724137931033,
      "depth_proxy": 5.21978021978022
    },
    {
      "month": "2025-05",
      "n_prs": 117,
      "submit": 117,
      "med_latency_h": 44.80083333333334,
      "abandon": 0.2222222222222222,
      "depth_proxy": 6.615384615384615
    },
    {
      "month": "2025-06",
      "n_prs": 157,
      "submit": 157,
      "med_latency_h": 65.34333333333333,
      "abandon": 0.42038216560509556,
      "depth_proxy": 7.8901098901098905
    },
    {
      "month": "2025-07",
      "n_prs": 123,
      "submit": 123,
      "med_latency_h": 22.2175,
      "abandon": 0.3333333333333333,
      "depth_proxy": 8.073170731707316
    },
    {
      "month": "2025-08",
      "n_prs": 138,
      "submit": 138,
      "med_latency_h": 69.60861111111112,
      "abandon": 0.3188405797101449,
      "depth_proxy": 7.872340425531915
    },
    {
      "month": "2025-09",
      "n_prs": 170,
      "submit": 170,
      "med_latency_h": 25.595555555555556,
      "abandon": 0.3058823529411765,
      "depth_proxy": 9.135593220338983
    },
    {
      "month": "2025-10",
      "n_prs": 252,
      "submit": 252,
      "med_latency_h": 11.020555555555555,
      "abandon": 0.21428571428571427,
      "depth_proxy": 4.878787878787879
    },
    {
      "month": "2025-11",
      "n_prs": 143,
      "submit": 143,
      "med_latency_h": 30.39611111111111,
      "abandon": 0.3356643356643357,
      "depth_proxy": 13.031578947368422
    },
    {
      "month": "2025-12",
      "n_prs": 105,
      "submit": 105,
      "med_latency_h": 41.924166666666665,
      "abandon": 0.3238095238095238,
      "depth_proxy": 6.070422535211268
    },
    {
      "month": "2026-01",
      "n_prs": 136,
      "submit": 136,
      "med_latency_h": 25.281388888888888,
      "abandon": 0.4338235294117647,
      "depth_proxy": 7.805194805194805
    },
    {
      "month": "2026-02",
      "n_prs": 176,
      "submit": 176,
      "med_latency_h": 23.389305555555556,
      "abandon": 0.5113636363636364,
      "depth_proxy": 9.895348837209303
    },
    {
      "month": "2026-03",
      "n_prs": 168,
      "submit": 168,
      "med_latency_h": 33.76638888888889,
      "abandon": 0.48214285714285715,
      "depth_proxy": 7.379310344827586
    },
    {
      "month": "2026-04",
      "n_prs": 165,
      "submit": 165,
      "med_latency_h": 34.53194444444444,
      "abandon": 0.3575757575757576,
      "depth_proxy": 6.226415094339623
    },
    {
      "month": "2026-05",
      "n_prs": 152,
      "submit": 152,
      "med_latency_h": 17.907222222222224,
      "abandon": 0.39473684210526316,
      "depth_proxy": 5.130434782608695
    },
    {
      "month": "2026-06",
      "n_prs": 60,
      "submit": 60,
      "med_latency_h": 6.754583333333334,
      "abandon": 0.3,
      "depth_proxy": 3.9761904761904763
    }
  ]
}